linear,poly3,poly4,randomforest,decisiontree,lasso,supportvector
0.0,0.0,0.0,0.0,0.0,0.0,0.0
-0.1492854304935926,-6.449704876857887,-24.16813660901511,-0.10995515495492018,-0.20026321516852666,-0.0072529102165233865,0.15829524381703478
-0.8319095744775187,-6.993431272840253,-30.713716497514522,-0.748382492272585,-0.8761296274745236,-0.5192167673544313,-0.2402516481912249
-1.5477788879387666,-8.801497060549664,-150.49661166786845,-1.3857518980280807,-1.5546414447873167,-0.9921913602792352,-0.5977846436629586
